id,league_id,season,stage,date,match_api_id,home_team_api_id,away_team_api_id,home_team_goal,away_team_goal,spurs_goals,goaldiff,gamenumber,home,spurs_opp,opp_rating,opp_attack,opp_defense,spurs_attack,spurs_def,spurs_rating
1735,1729,2008/2009,1,2008-08-16,489048,8549,8586,2,1,1,-1,1,0,Middlesbrough,74,80,73,80,79,79
1840,1729,2008/2009,2,2008-08-23,489053,8586,8472,1,2,1,-1,2,1,Sunderland,75,78,72,80,79,79
1958,1729,2008/2009,3,2008-08-31,489071,8455,8586,1,1,1,0,3,0,Chelsea,84,87,84,80,79,79
2050,1729,2008/2009,4,2008-09-15,489073,8586,10252,1,2,1,-1,4,1,Aston Villa,78,81,77,80,79,79
2061,1729,2008/2009,5,2008-09-21,489084,8586,8528,0,0,0,0,5,1,Wigan Athletic,73,75,71,80,79,79
2076,1729,2008/2009,6,2008-09-28,489099,8462,8586,2,0,0,-2,6,0,Portsmouth,76,78,76,80,79,79
2080,1729,2008/2009,7,2008-10-05,489103,8586,8667,0,1,0,-1,7,1,Hull City,71,70,68,80,79,79
2098,1729,2008/2009,8,2008-10-19,489121,10194,8586,2,1,1,-1,8,0,Stoke City,70,75,67,80,79,79
2100,1729,2008/2009,9,2008-10-26,489123,8586,8559,2,0,2,2,9,1,Bolton Wanderers,74,75,72,80,79,79
1740,1729,2008/2009,10,2008-10-29,489133,9825,8586,4,4,4,0,10,0,Arsenal,81,85,83,80,79,79
1750,1729,2008/2009,11,2008-11-01,489143,8586,8650,2,1,2,1,11,1,Liverpool,81,85,80,80,79,79
1764,1729,2008/2009,12,2008-11-09,489157,8456,8586,1,2,2,1,12,0,Manchester City,79,82,78,80,79,79
1775,1729,2008/2009,13,2008-11-15,489168,9879,8586,2,1,1,-1,13,0,Fulham,74,80,72,80,79,79
1781,1729,2008/2009,14,2008-11-23,489174,8586,8655,1,0,1,1,14,1,Blackburn Rovers,76,78,76,80,79,79
1791,1729,2008/2009,15,2008-11-30,489184,8586,8668,0,1,0,-1,15,1,Everton,78,82,78,80,79,79
1801,1729,2008/2009,16,2008-12-08,489194,8654,8586,0,2,2,2,16,0,West Ham United,76,76,76,80,79,79
1811,1729,2008/2009,17,2008-12-13,489204,8586,10260,0,0,0,0,17,1,Manchester United,84,86,84,80,79,79
1823,1729,2008/2009,18,2008-12-21,489216,10261,8586,2,1,1,-1,18,0,Newcastle United,76,81,76,80,79,79
1831,1729,2008/2009,19,2008-12-26,489225,8586,9879,0,0,0,0,19,1,Fulham,74,80,72,80,79,79
1857,1729,2008/2009,20,2008-12-28,489241,8659,8586,2,0,0,-2,20,0,West Bromwich Albion,71,68,69,80,79,79
1868,1729,2008/2009,21,2009-01-11,489252,8528,8586,1,0,0,-1,21,0,Wigan Athletic,73,75,71,80,79,79
1871,1729,2008/2009,22,2009-01-18,489255,8586,8462,1,1,1,0,22,1,Portsmouth,76,78,76,80,79,79
1880,1729,2008/2009,23,2009-01-27,489264,8586,10194,3,1,3,2,23,1,Stoke City,70,75,67,80,79,79
1896,1729,2008/2009,24,2009-01-31,489280,8559,8586,3,2,2,-1,24,0,Bolton Wanderers,74,75,72,80,79,79
1900,1729,2008/2009,25,2009-02-08,489284,8586,9825,0,0,0,0,25,1,Arsenal,81,85,83,80,79,79
1917,1729,2008/2009,26,2009-02-23,489301,8667,8586,1,2,2,1,26,0,Hull City,71,70,68,80,79,79
1929,1729,2008/2009,28,2009-03-04,489313,8586,8549,4,0,4,4,27,1,Middlesbrough,74,80,73,80,79,79
1921,1729,2008/2009,27,2009-03-07,489305,8472,8586,1,1,1,0,28,0,Sunderland,75,78,72,80,79,79
1943,1729,2008/2009,29,2009-03-15,489327,10252,8586,1,2,2,1,29,0,Aston Villa,78,81,77,80,79,79
1960,1729,2008/2009,30,2009-03-21,489334,8586,8455,1,0,1,1,30,1,Chelsea,84,87,84,80,79,79
1974,1729,2008/2009,31,2009-04-04,489348,8655,8586,2,1,1,-1,31,0,Blackburn Rovers,76,78,76,80,79,79
1981,1729,2008/2009,32,2009-04-11,489355,8586,8654,1,0,1,1,32,1,West Ham United,76,76,76,80,79,79
1991,1729,2008/2009,33,2009-04-19,489365,8586,10261,1,0,1,1,33,1,Newcastle United,76,81,76,80,79,79
1999,1729,2008/2009,34,2009-04-25,489373,10260,8586,5,2,2,-3,34,0,Manchester United,84,86,84,80,79,79
2011,1729,2008/2009,35,2009-05-02,489385,8586,8659,1,0,1,1,35,1,West Bromwich Albion,71,68,69,80,79,79
2022,1729,2008/2009,36,2009-05-09,489396,8668,8586,0,0,0,0,36,0,Everton,78,82,78,80,79,79
2030,1729,2008/2009,37,2009-05-16,489404,8586,8456,2,1,2,1,37,1,Manchester City,79,82,78,80,79,79
2040,1729,2008/2009,38,2009-05-24,489414,8650,8586,3,1,1,-2,38,0,Liverpool,81,85,80,80,79,79
2110,1729,2009/2010,1,2009-08-16,658574,8586,8650,2,1,2,1,39,1,Liverpool,82,88,81,81,78,79
2224,1729,2009/2010,2,2009-08-19,658588,8667,8586,1,5,5,4,40,0,Hull City,73,70,73,81,78,79
2332,1729,2009/2010,3,2009-08-23,658596,8654,8586,1,2,2,1,41,0,West Ham United,76,76,75,81,78,79
2430,1729,2009/2010,4,2009-08-29,658604,8586,8658,2,1,2,1,42,1,Birmingham City,74,73,71,81,78,79
2441,1729,2009/2010,5,2009-09-12,658615,8586,10260,1,3,1,-2,43,1,Manchester United,82,86,84,81,78,79
2458,1729,2009/2010,6,2009-09-20,658632,8455,8586,3,0,0,-3,44,0,Chelsea,83,85,84,81,78,79
2460,1729,2009/2010,7,2009-09-26,658670,8586,8191,5,0,5,5,45,1,Burnley,72,75,70,81,78,79
2475,1729,2009/2010,8,2009-10-03,658685,8559,8586,2,2,2,0,46,0,Bolton Wanderers,75,77,73,81,78,79
2487,1729,2009/2010,9,2009-10-17,658697,8462,8586,1,2,2,1,47,0,Portsmouth,75,75,74,81,78,79
2123,1729,2009/2010,10,2009-10-24,658703,8586,10194,0,1,0,-1,48,1,Stoke City,73,76,75,81,78,79
2136,1729,2009/2010,11,2009-10-31,658716,9825,8586,3,0,0,-3,49,0,Arsenal,81,85,82,81,78,79
2143,1729,2009/2010,12,2009-11-07,658723,8586,8472,2,0,2,2,50,1,Sunderland,75,78,74,81,78,79
2157,1729,2009/2010,13,2009-11-22,658797,8586,8528,9,1,9,8,51,1,Wigan Athletic,74,74,74,81,78,79
2166,1729,2009/2010,14,2009-11-28,658806,10252,8586,1,1,1,0,52,0,Aston Villa,79,82,76,81,78,79
2175,1729,2009/2010,15,2009-12-06,658815,8668,8586,2,2,2,0,53,0,Everton,79,80,79,81,78,79
2182,1729,2009/2010,16,2009-12-12,658822,8586,8602,0,1,0,-1,54,1,Wolverhampton Wanderers,72,75,69,81,78,79
2189,1729,2009/2010,17,2009-12-16,658829,8586,8456,3,0,3,3,55,1,Manchester City,81,84,80,81,78,79
2207,1729,2009/2010,18,2009-12-19,658847,8655,8586,0,2,2,2,56,0,Blackburn Rovers,75,75,75,81,78,79
2215,1729,2009/2010,19,2009-12-26,658922,9879,8586,0,0,0,0,57,0,Fulham,76,76,77,81,78,79
2230,1729,2009/2010,20,2009-12-28,658927,8586,8654,2,0,2,2,58,1,West Ham United,76,76,75,81,78,79
2251,1729,2009/2010,22,2010-01-16,658948,8586,8667,0,0,0,0,59,1,Hull City,73,70,73,81,78,79
2242,1729,2009/2010,21,2010-01-20,658939,8650,8586,2,0,0,-2,60,0,Liverpool,82,88,81,81,78,79
2260,1729,2009/2010,23,2010-01-26,658957,8586,9879,2,0,2,2,61,1,Fulham,76,76,77,81,78,79
2278,1729,2009/2010,24,2010-01-30,658975,8658,8586,1,1,1,0,62,0,Birmingham City,74,73,71,81,78,79
2282,1729,2009/2010,25,2010-02-06,658979,8586,10252,0,0,0,0,63,1,Aston Villa,79,82,76,81,78,79
2292,1729,2009/2010,26,2010-02-10,659071,8602,8586,1,0,0,-1,64,0,Wolverhampton Wanderers,72,75,69,81,78,79
2305,1729,2009/2010,27,2010-02-21,659084,8528,8586,0,3,3,3,65,0,Wigan Athletic,74,74,74,81,78,79
2310,1729,2009/2010,28,2010-02-28,659089,8586,8668,2,1,2,1,66,1,Everton,79,80,79,81,78,79
2339,1729,2009/2010,30,2010-03-13,659108,8586,8655,3,1,3,2,67,1,Blackburn Rovers,75,75,75,81,78,79
2358,1729,2009/2010,31,2010-03-20,659128,10194,8586,1,2,2,1,68,0,Stoke City,73,76,75,81,78,79
2361,1729,2009/2010,32,2010-03-27,659131,8586,8462,2,0,2,2,69,1,Portsmouth,75,75,74,81,78,79
2369,1729,2009/2010,33,2010-04-03,659139,8472,8586,3,1,1,-2,70,0,Sunderland,75,78,74,81,78,79
2382,1729,2009/2010,34,2010-04-14,659152,8586,9825,2,1,2,1,71,1,Arsenal,81,85,82,81,78,79
2390,1729,2009/2010,35,2010-04-17,659160,8586,8455,2,1,2,1,72,1,Chelsea,83,85,84,81,78,79
2403,1729,2009/2010,36,2010-04-24,659173,10260,8586,3,1,1,-2,73,0,Manchester United,82,86,84,81,78,79
2410,1729,2009/2010,37,2010-05-01,659180,8586,8559,1,0,1,1,74,1,Bolton Wanderers,75,77,73,81,78,79
2321,1729,2009/2010,29,2010-05-05,659100,8456,8586,0,1,1,1,75,0,Manchester City,81,84,80,81,78,79
2422,1729,2009/2010,38,2010-05-09,659372,8191,8586,4,2,2,-2,76,0,Burnley,72,75,70,81,78,79
2496,1729,2010/2011,1,2010-08-14,839804,8586,8456,0,0,0,0,77,1,Manchester City,82,84,80,80,79,80
2607,1729,2010/2011,2,2010-08-21,839832,10194,8586,1,2,2,1,78,0,Stoke City,74,76,75,80,79,80
2712,1729,2010/2011,3,2010-08-28,839837,8586,8528,0,1,0,-1,79,1,Wigan Athletic,73,71,72,80,79,80
2816,1729,2010/2011,4,2010-09-11,839851,8659,8586,1,1,1,0,80,0,West Bromwich Albion,73,74,70,80,79,80
2821,1729,2010/2011,5,2010-09-18,839856,8586,8602,3,1,3,2,81,1,Wolverhampton Wanderers,73,76,73,80,79,80
2831,1729,2010/2011,6,2010-09-25,839866,8654,8586,1,0,0,-1,82,0,West Ham United,75,74,74,80,79,80
2841,1729,2010/2011,7,2010-10-02,839876,8586,10252,2,1,2,1,83,1,Aston Villa,78,78,78,80,79,80
2856,1729,2010/2011,8,2010-10-16,839891,9879,8586,1,2,2,1,84,0,Fulham,77,79,77,80,79,80
2861,1729,2010/2011,9,2010-10-23,839896,8586,8668,1,1,1,0,85,1,Everton,78,80,78,80,79,80
2499,1729,2010/2011,10,2010-10-30,839904,10260,8586,2,0,0,-2,86,0,Manchester United,82,85,82,80,79,80
2516,1729,2010/2011,11,2010-11-06,839921,8559,8586,4,2,2,-2,87,0,Bolton Wanderers,75,76,75,80,79,80
2519,1729,2010/2011,12,2010-11-09,839924,8586,8472,1,1,1,0,88,1,Sunderland,75,77,75,80,79,80
2529,1729,2010/2011,13,2010-11-13,839934,8586,8655,4,2,4,2,89,1,Blackburn Rovers,75,75,75,80,79,80
2540,1729,2010/2011,14,2010-11-20,839945,9825,8586,2,3,3,1,90,0,Arsenal,81,84,80,80,79,80
2550,1729,2010/2011,15,2010-11-28,839955,8586,8650,2,1,2,1,91,1,Liverpool,80,83,81,80,79,80
2564,1729,2010/2011,16,2010-12-04,839969,8658,8586,1,1,1,0,92,0,Birmingham City,76,77,76,80,79,80
2570,1729,2010/2011,17,2010-12-12,839975,8586,8455,1,1,1,0,93,1,Chelsea,83,85,83,80,79,80
2591,1729,2010/2011,19,2010-12-26,839996,10252,8586,1,2,2,1,94,0,Aston Villa,78,78,78,80,79,80
2611,1729,2010/2011,20,2010-12-28,840006,8586,10261,2,0,2,2,95,1,Newcastle United,74,75,71,80,79,80
2621,1729,2010/2011,21,2011-01-01,840057,8586,9879,1,0,1,1,96,1,Fulham,77,79,77,80,79,80
2635,1729,2010/2011,22,2011-01-05,840071,8668,8586,2,1,1,-1,97,0,Everton,78,80,78,80,79,80
2641,1729,2010/2011,23,2011-01-16,840077,8586,10260,0,0,0,0,98,1,Manchester United,82,85,82,80,79,80
2653,1729,2010/2011,24,2011-01-22,840089,10261,8586,1,1,1,0,99,0,Newcastle United,74,75,71,80,79,80
2667,1729,2010/2011,25,2011-02-02,840103,8655,8586,0,1,1,1,100,0,Blackburn Rovers,75,75,75,80,79,80
2669,1729,2010/2011,26,2011-02-05,840105,8586,8559,2,1,2,1,101,1,Bolton Wanderers,75,76,75,80,79,80
2682,1729,2010/2011,27,2011-02-12,840118,8472,8586,1,2,2,1,102,0,Sunderland,75,77,75,80,79,80
2586,1729,2010/2011,18,2011-02-22,839991,8483,8586,3,1,1,-2,103,0,Blackpool,69,70,69,80,79,80
2704,1729,2010/2011,29,2011-03-06,840140,8602,8586,3,3,3,0,104,0,Wolverhampton Wanderers,73,76,73,80,79,80
2721,1729,2010/2011,30,2011-03-19,840147,8586,8654,0,0,0,0,105,1,West Ham United,75,74,74,80,79,80
2738,1729,2010/2011,31,2011-04-02,840164,8528,8586,0,0,0,0,106,0,Wigan Athletic,73,71,72,80,79,80
2742,1729,2010/2011,32,2011-04-09,840168,8586,10194,3,2,3,1,107,1,Stoke City,74,76,75,80,79,80
2689,1729,2010/2011,28,2011-04-20,840125,8586,9825,3,3,3,0,108,1,Arsenal,81,84,80,80,79,80
2762,1729,2010/2011,34,2011-04-23,840188,8586,8659,2,2,2,0,109,1,West Bromwich Albion,73,74,70,80,79,80
2778,1729,2010/2011,35,2011-04-30,840204,8455,8586,2,1,1,-1,110,0,Chelsea,83,85,83,80,79,80
2780,1729,2010/2011,36,2011-05-07,840206,8586,8483,1,1,1,0,111,1,Blackpool,69,70,69,80,79,80
2754,1729,2010/2011,33,2011-05-10,840179,8456,8586,1,0,0,-1,112,0,Manchester City,82,84,80,80,79,80
2790,1729,2010/2011,37,2011-05-15,840216,8650,8586,0,2,2,2,113,0,Liverpool,80,83,81,80,79,80
2800,1729,2010/2011,38,2011-05-22,840226,8586,8658,2,1,2,1,114,1,Birmingham City,76,77,76,80,79,80
2984,1729,2011/2012,2,2011-08-22,1024308,10260,8586,3,0,0,-3,115,0,Manchester United,83,86,84,82,77,81
3096,1729,2011/2012,3,2011-08-28,1024358,8586,8456,1,5,1,-4,116,1,Manchester City,83,85,81,82,77,81
3198,1729,2011/2012,4,2011-09-10,1024427,8602,8586,0,2,2,2,117,0,Wolverhampton Wanderers,73,77,72,82,77,81
3207,1729,2011/2012,5,2011-09-18,1024464,8586,8650,4,0,4,4,118,1,Liverpool,80,83,80,82,77,81
3218,1729,2011/2012,6,2011-09-24,1024515,8528,8586,1,2,2,1,119,0,Wigan Athletic,73,71,71,82,77,81
3227,1729,2011/2012,7,2011-10-02,1024549,8586,9825,2,1,2,1,120,1,Arsenal,81,84,80,82,77,81
3233,1729,2011/2012,8,2011-10-16,1024581,10261,8586,2,2,2,0,121,0,Newcastle United,76,71,75,82,77,81
3241,1729,2011/2012,9,2011-10-23,1024632,8655,8586,1,2,2,1,122,0,Blackburn Rovers,75,73,75,82,77,81
2886,1729,2011/2012,10,2011-10-30,1024707,8586,10172,3,1,3,2,123,1,Queens Park Rangers,72,73,70,82,77,81
2893,1729,2011/2012,11,2011-11-06,1024748,9879,8586,1,3,3,2,124,0,Fulham,77,78,76,82,77,81
2906,1729,2011/2012,12,2011-11-21,1024820,8586,10252,2,0,2,2,125,1,Aston Villa,76,77,76,82,77,81
2918,1729,2011/2012,13,2011-11-26,1024871,8659,8586,1,3,3,2,126,0,West Bromwich Albion,74,75,73,82,77,81
2926,1729,2011/2012,14,2011-12-03,1024910,8586,8559,3,0,3,3,127,1,Bolton Wanderers,76,76,75,82,77,81
2935,1729,2011/2012,15,2011-12-11,1024952,10194,8586,2,1,1,-1,128,0,Stoke City,76,77,77,82,77,81
2946,1729,2011/2012,16,2011-12-18,1025006,8586,8472,1,0,1,1,129,1,Sunderland,76,80,75,82,77,81
2950,1729,2011/2012,17,2011-12-22,1025023,8586,8455,1,1,1,0,130,1,Chelsea,83,86,83,82,77,81
2964,1729,2011/2012,18,2011-12-27,1025098,9850,8586,0,2,2,2,131,0,Norwich City,70,73,68,82,77,81
2977,1729,2011/2012,19,2011-12-31,1025164,10003,8586,1,1,1,0,132,0,Swansea City,71,73,69,82,77,81
2996,1729,2011/2012,20,2012-01-03,1025220,8586,8659,1,0,1,1,133,1,West Bromwich Albion,74,75,73,82,77,81
2876,1729,2011/2012,1,2012-01-11,1024188,8586,8668,2,0,2,2,134,1,Everton,76,79,78,82,77,81
3006,1729,2011/2012,21,2012-01-14,1025261,8586,8602,1,1,1,0,135,1,Wolverhampton Wanderers,73,77,72,82,77,81
3013,1729,2011/2012,22,2012-01-22,1025293,8456,8586,3,2,2,-1,136,0,Manchester City,83,85,81,82,77,81
3023,1729,2011/2012,23,2012-01-31,1025422,8586,8528,3,1,3,2,137,1,Wigan Athletic,73,71,71,82,77,81
3031,1729,2011/2012,24,2012-02-06,1025475,8650,8586,0,0,0,0,138,0,Liverpool,80,83,80,82,77,81
3047,1729,2011/2012,25,2012-02-11,1025549,8586,10261,5,0,5,5,139,1,Newcastle United,76,71,75,82,77,81
3049,1729,2011/2012,26,2012-02-26,1025556,9825,8586,5,2,2,-3,140,0,Arsenal,81,84,80,82,77,81
3066,1729,2011/2012,27,2012-03-04,1025653,8586,10260,1,3,1,-2,141,1,Manchester United,83,86,84,82,77,81
3073,1729,2011/2012,28,2012-03-10,1025693,8668,8586,1,0,0,-1,142,0,Everton,76,79,78,82,77,81
3086,1729,2011/2012,29,2012-03-21,1025759,8586,10194,1,1,1,0,143,1,Stoke City,76,77,77,82,77,81
3101,1729,2011/2012,30,2012-03-24,1025783,8455,8586,0,0,0,0,144,0,Chelsea,83,86,83,82,77,81
3116,1729,2011/2012,31,2012-04-01,1025845,8586,10003,3,1,3,2,145,1,Swansea City,71,73,69,82,77,81
3126,1729,2011/2012,32,2012-04-07,1025894,8472,8586,0,0,0,0,146,0,Sunderland,76,80,75,82,77,81
3136,1729,2011/2012,33,2012-04-09,1025938,8586,9850,1,2,1,-1,147,1,Norwich City,70,73,68,82,77,81
3157,1729,2011/2012,35,2012-04-21,1026044,10172,8586,1,0,0,-1,148,0,Queens Park Rangers,72,73,70,82,77,81
3166,1729,2011/2012,36,2012-04-29,1026084,8586,8655,2,0,2,2,149,1,Blackburn Rovers,75,73,75,82,77,81
3140,1729,2011/2012,34,2012-05-02,1025958,8559,8586,1,4,4,3,150,0,Bolton Wanderers,76,76,75,82,77,81
3170,1729,2011/2012,37,2012-05-06,1026112,10252,8586,1,1,1,0,151,0,Aston Villa,76,77,76,82,77,81
3186,1729,2011/2012,38,2012-05-13,1026201,8586,9879,2,0,2,2,152,1,Fulham,77,78,76,82,77,81
3253,1729,2012/2013,1,2012-08-18,1228233,10261,8586,2,1,1,-1,153,0,Newcastle United,77,82,76,81,79,80
3368,1729,2012/2013,2,2012-08-25,1228299,8586,8659,1,1,1,0,154,1,West Bromwich Albion,74,74,71,81,79,80
3475,1729,2012/2013,3,2012-09-01,1228309,8586,9850,1,1,1,0,155,1,Norwich City,72,72,73,81,79,80
3576,1729,2012/2013,4,2012-09-16,1228349,9798,8586,1,3,3,2,156,0,Reading,71,73,70,81,79,80
3585,1729,2012/2013,5,2012-09-23,1228383,8586,10172,2,1,2,1,157,1,Queens Park Rangers,76,79,74,81,79,80
3593,1729,2012/2013,6,2012-09-29,1228445,10260,8586,2,3,3,1,158,0,Manchester United,83,86,83,81,79,80
3605,1729,2012/2013,7,2012-10-07,1229169,8586,10252,2,0,2,2,159,1,Aston Villa,75,76,72,81,79,80
3616,1729,2012/2013,8,2012-10-20,1229181,8586,8455,2,4,2,-2,160,1,Chelsea,82,81,81,81,79,80
3626,1729,2012/2013,9,2012-10-28,1229193,8466,8586,1,2,2,1,161,0,Southampton,72,73,72,81,79,80
3266,1729,2012/2013,10,2012-11-03,1229204,8586,8528,0,1,0,-1,162,1,Wigan Athletic,73,72,74,81,79,80
3273,1729,2012/2013,11,2012-11-11,1229212,8456,8586,2,1,1,-1,163,0,Manchester City,83,85,81,81,79,80
3279,1729,2012/2013,12,2012-11-17,1229218,9825,8586,5,2,2,-3,164,0,Arsenal,80,81,80,81,79,80
3297,1729,2012/2013,13,2012-11-25,1229237,8586,8654,3,1,3,2,165,1,West Ham United,73,75,71,81,79,80
3305,1729,2012/2013,14,2012-11-28,1229245,8586,8650,2,1,2,1,166,1,Liverpool,79,79,79,81,79,80
3310,1729,2012/2013,15,2012-12-01,1229251,9879,8586,0,3,3,3,167,0,Fulham,76,78,75,81,79,80
3321,1729,2012/2013,16,2012-12-09,1229264,8668,8586,2,1,1,-1,168,0,Everton,77,76,77,81,79,80
3337,1729,2012/2013,17,2012-12-16,1229282,8586,10003,1,0,1,1,169,1,Swansea City,74,73,73,81,79,80
3345,1729,2012/2013,18,2012-12-22,1229290,8586,10194,0,0,0,0,170,1,Stoke City,75,75,75,81,79,80
3350,1729,2012/2013,19,2012-12-26,1229297,10252,8586,0,4,4,4,171,0,Aston Villa,75,76,72,81,79,80
3378,1729,2012/2013,20,2012-12-29,1229316,8472,8586,1,2,2,1,172,0,Sunderland,75,77,74,81,79,80
3385,1729,2012/2013,21,2013-01-01,1229325,8586,9798,3,1,3,2,173,1,Reading,71,73,70,81,79,80
3395,1729,2012/2013,22,2013-01-12,1229335,10172,8586,0,0,0,0,174,0,Queens Park Rangers,76,79,74,81,79,80
3405,1729,2012/2013,23,2013-01-20,1229346,8586,10260,1,1,1,0,175,1,Manchester United,83,86,83,81,79,80
3412,1729,2012/2013,24,2013-01-30,1229354,9850,8586,1,1,1,0,176,0,Norwich City,72,72,73,81,79,80
3426,1729,2012/2013,25,2013-02-03,1229370,8659,8586,0,1,1,1,177,0,West Bromwich Albion,74,74,71,81,79,80
3438,1729,2012/2013,26,2013-02-09,1229383,8586,10261,2,1,2,1,178,1,Newcastle United,77,82,76,81,79,80
3448,1729,2012/2013,27,2013-02-25,1229394,8654,8586,2,3,3,1,179,0,West Ham United,73,75,71,81,79,80
3457,1729,2012/2013,28,2013-03-03,1229405,8586,9825,2,1,2,1,180,1,Arsenal,80,81,80,81,79,80
3461,1729,2012/2013,29,2013-03-10,1229409,8650,8586,3,2,2,-1,181,0,Liverpool,79,79,79,81,79,80
3487,1729,2012/2013,30,2013-03-17,1229427,8586,9879,0,1,0,-1,182,1,Fulham,76,78,75,81,79,80
3496,1729,2012/2013,31,2013-03-30,1229437,10003,8586,1,2,2,1,183,0,Swansea City,74,73,73,81,79,80
3507,1729,2012/2013,32,2013-04-07,1229449,8586,8668,2,2,2,0,184,1,Everton,77,76,77,81,79,80
3526,1729,2012/2013,34,2013-04-21,1229468,8586,8456,3,1,3,2,185,1,Manchester City,83,85,81,81,79,80
3538,1729,2012/2013,35,2013-04-27,1229481,8528,8586,2,2,2,0,186,0,Wigan Athletic,73,72,74,81,79,80
3546,1729,2012/2013,36,2013-05-04,1229490,8586,8466,1,0,1,1,187,1,Southampton,72,73,72,81,79,80
3511,1729,2012/2013,33,2013-05-08,1229453,8455,8586,2,2,2,0,188,0,Chelsea,82,81,81,81,79,80
3557,1729,2012/2013,37,2013-05-12,1229501,10194,8586,1,2,2,1,189,0,Stoke City,75,75,75,81,79,80
3565,1729,2012/2013,38,2013-05-19,1228314,8586,8472,1,0,1,1,190,1,Sunderland,75,77,74,81,79,80
3631,1729,2013/2014,1,2013-08-18,1474061,9826,8586,0,1,1,1,191,0,Crystal Palace,70,70,68,82,78,81
3748,1729,2013/2014,2,2013-08-25,1474147,8586,10003,1,0,1,1,192,1,Swansea City,76,77,75,82,78,81
3849,1729,2013/2014,3,2013-09-01,1474151,9825,8586,1,0,0,-1,193,0,Arsenal,80,80,79,82,78,81
3958,1729,2013/2014,4,2013-09-14,1474185,8586,9850,2,0,2,2,194,1,Norwich City,74,75,73,82,78,81
3960,1729,2013/2014,5,2013-09-22,1474191,8344,8586,0,1,1,1,195,0,Cardiff City,71,71,69,82,78,81
3978,1729,2013/2014,6,2013-09-28,1474223,8586,8455,1,1,1,0,196,1,Chelsea,82,83,82,82,78,81
3987,1729,2013/2014,7,2013-10-06,1474244,8586,8654,0,3,0,-3,197,1,West Ham United,74,75,72,82,78,81
3990,1729,2013/2014,8,2013-10-20,1474250,10252,8586,0,2,2,2,198,0,Aston Villa,74,73,73,82,78,81
4007,1729,2013/2014,9,2013-10-27,1474319,8586,8667,1,0,1,1,199,1,Hull City,71,72,70,82,78,81
3641,1729,2013/2014,10,2013-11-03,1474330,8668,8586,0,0,0,0,200,0,Everton,77,76,77,82,78,81
3658,1729,2013/2014,11,2013-11-10,1474378,8586,10261,0,1,0,-1,201,1,Newcastle United,77,77,77,82,78,81
3664,1729,2013/2014,12,2013-11-24,1474399,8456,8586,6,0,0,-6,202,0,Manchester City,83,84,81,82,78,81
3677,1729,2013/2014,13,2013-12-01,1474430,8586,10260,2,2,2,0,203,1,Manchester United,82,85,82,82,78,81
3687,1729,2013/2014,14,2013-12-04,1474492,9879,8586,1,2,2,1,204,0,Fulham,77,80,76,82,78,81
3696,1729,2013/2014,15,2013-12-07,1474522,8472,8586,1,2,2,1,205,0,Sunderland,74,76,72,82,78,81
3707,1729,2013/2014,16,2013-12-15,1474560,8586,8650,0,5,0,-5,206,1,Liverpool,79,78,79,82,78,81
3714,1729,2013/2014,17,2013-12-22,1474577,8466,8586,2,3,3,1,207,0,Southampton,74,78,71,82,78,81
3727,1729,2013/2014,18,2013-12-26,1474624,8586,8659,1,1,1,0,208,1,West Bromwich Albion,75,75,72,82,78,81
3737,1729,2013/2014,19,2013-12-29,1474663,8586,10194,3,0,3,3,209,1,Stoke City,75,75,74,82,78,81
3753,1729,2013/2014,20,2014-01-01,1474698,10260,8586,1,2,2,1,210,0,Manchester United,82,85,82,82,78,81
3768,1729,2013/2014,21,2014-01-11,1474921,8586,9826,2,0,2,2,211,1,Crystal Palace,70,70,68,82,78,81
3776,1729,2013/2014,22,2014-01-19,1474931,10003,8586,1,3,3,2,212,0,Swansea City,76,77,75,82,78,81
3788,1729,2013/2014,23,2014-01-29,1474945,8586,8456,1,5,1,-4,213,1,Manchester City,83,84,81,82,78,81
3793,1729,2013/2014,24,2014-02-01,1474951,8667,8586,1,1,1,0,214,0,Hull City,71,72,70,82,78,81
3808,1729,2013/2014,25,2014-02-09,1474967,8586,8668,1,0,1,1,215,1,Everton,77,76,77,82,78,81
3818,1729,2013/2014,26,2014-02-12,1474978,10261,8586,0,4,4,4,216,0,Newcastle United,77,77,77,82,78,81
3826,1729,2013/2014,27,2014-02-23,1474988,9850,8586,1,0,0,-1,217,0,Norwich City,74,75,73,82,78,81
3838,1729,2013/2014,28,2014-03-02,1475003,8586,8344,1,0,1,1,218,1,Cardiff City,71,71,69,82,78,81
3841,1729,2013/2014,29,2014-03-08,1475007,8455,8586,4,0,0,-4,219,0,Chelsea,82,83,82,82,78,81
3868,1729,2013/2014,30,2014-03-16,1475026,8586,9825,0,1,0,-1,220,1,Arsenal,80,80,79,82,78,81
3877,1729,2013/2014,31,2014-03-23,1475037,8586,8466,3,2,3,1,221,1,Southampton,74,78,71,82,78,81
3882,1729,2013/2014,32,2014-03-30,1475042,8650,8586,4,0,0,-4,222,0,Liverpool,79,78,79,82,78,81
3897,1729,2013/2014,33,2014-04-07,1475061,8586,8472,5,1,5,4,223,1,Sunderland,74,76,72,82,78,81
3908,1729,2013/2014,34,2014-04-12,1475074,8659,8586,3,3,3,0,224,0,West Bromwich Albion,75,75,72,82,78,81
3917,1729,2013/2014,35,2014-04-19,1475085,8586,9879,3,1,3,2,225,1,Fulham,77,80,76,82,78,81
3925,1729,2013/2014,36,2014-04-26,1475093,10194,8586,0,1,1,1,226,0,Stoke City,75,75,74,82,78,81
3938,1729,2013/2014,37,2014-05-03,1475108,8654,8586,2,0,0,-2,227,0,West Ham United,74,75,72,82,78,81
3947,1729,2013/2014,38,2014-05-11,1475119,8586,10252,3,0,3,3,228,1,Aston Villa,74,73,73,82,78,81
4018,1729,2014/2015,1,2014-08-16,1723991,8654,8586,0,1,1,1,229,0,West Ham United,74,76,72,80,77,79
4128,1729,2014/2015,2,2014-08-24,1724001,8586,10172,4,0,4,4,230,1,Queens Park Rangers,75,77,74,80,77,79
4237,1729,2014/2015,3,2014-08-31,1724010,8586,8650,0,3,0,-3,231,1,Liverpool,80,81,79,80,77,79
4337,1729,2014/2015,4,2014-09-13,1724020,8472,8586,2,2,2,0,232,0,Sunderland,74,75,73,80,77,79
4347,1729,2014/2015,5,2014-09-21,1724030,8586,8659,0,1,0,-1,233,1,West Bromwich Albion,75,74,72,80,77,79
4349,1729,2014/2015,6,2014-09-27,1724032,9825,8586,1,1,1,0,234,0,Arsenal,80,81,80,80,77,79
4367,1729,2014/2015,7,2014-10-05,1724050,8586,8466,1,0,1,1,235,1,Southampton,75,76,73,80,77,79
4373,1729,2014/2015,8,2014-10-18,1724056,8456,8586,4,1,1,-3,236,0,Manchester City,82,83,81,80,77,79
4386,1729,2014/2015,9,2014-10-26,1724069,8586,10261,1,2,1,-1,237,1,Newcastle United,76,74,75,80,77,79
4020,1729,2014/2015,10,2014-11-02,1724073,10252,8586,1,2,2,1,238,0,Aston Villa,74,76,73,80,77,79
4036,1729,2014/2015,11,2014-11-09,1724089,8586,10194,1,2,1,-1,239,1,Stoke City,75,76,73,80,77,79
4044,1729,2014/2015,12,2014-11-23,1724097,8667,8586,1,2,2,1,240,0,Hull City,72,70,72,80,77,79
4056,1729,2014/2015,13,2014-11-30,1724109,8586,8668,2,1,2,1,241,1,Everton,78,79,79,80,77,79
4066,1729,2014/2015,14,2014-12-03,1724119,8455,8586,3,0,0,-3,242,0,Chelsea,82,82,81,80,77,79
4077,1729,2014/2015,15,2014-12-06,1724130,8586,9826,0,0,0,0,243,1,Crystal Palace,73,71,73,80,77,79
4087,1729,2014/2015,16,2014-12-14,1724140,10003,8586,1,2,2,1,244,0,Swansea City,75,77,74,80,77,79
4097,1729,2014/2015,17,2014-12-20,1724150,8586,8191,2,1,2,1,245,1,Burnley,70,70,69,80,77,79
4104,1729,2014/2015,18,2014-12-26,1724157,8197,8586,1,2,2,1,246,0,Leicester City,70,70,70,80,77,79
4117,1729,2014/2015,19,2014-12-28,1724170,8586,10260,0,0,0,0,247,1,Manchester United,81,85,76,80,77,79
4137,1729,2014/2015,20,2015-01-01,1724180,8586,8455,5,3,5,2,248,1,Chelsea,82,82,81,80,77,79
4142,1729,2014/2015,21,2015-01-10,1724185,9826,8586,2,1,1,-1,249,0,Crystal Palace,73,71,73,80,77,79
4157,1729,2014/2015,22,2015-01-17,1724200,8586,8472,2,1,2,1,250,1,Sunderland,74,75,73,80,77,79
4168,1729,2014/2015,23,2015-01-31,1724211,8659,8586,0,3,3,3,251,0,West Bromwich Albion,75,74,72,80,77,79
4177,1729,2014/2015,24,2015-02-07,1724220,8586,9825,2,1,2,1,252,1,Arsenal,80,81,80,80,77,79
4184,1729,2014/2015,25,2015-02-10,1724227,8650,8586,3,2,2,-1,253,0,Liverpool,80,81,79,80,77,79
4198,1729,2014/2015,26,2015-02-22,1724241,8586,8654,2,2,2,0,254,1,West Ham United,74,76,72,80,77,79
4218,1729,2014/2015,28,2015-03-04,1724261,8586,10003,3,2,3,1,255,1,Swansea City,75,77,74,80,77,79
4205,1729,2014/2015,27,2015-03-07,1724248,10172,8586,1,2,2,1,256,0,Queens Park Rangers,75,77,74,80,77,79
4225,1729,2014/2015,29,2015-03-15,1724268,10260,8586,3,0,0,-3,257,0,Manchester United,81,85,76,80,77,79
4247,1729,2014/2015,30,2015-03-21,1724280,8586,8197,4,3,4,1,258,1,Leicester City,70,70,70,80,77,79
4250,1729,2014/2015,31,2015-04-05,1724283,8191,8586,0,0,0,0,259,0,Burnley,70,70,69,80,77,79
4266,1729,2014/2015,32,2015-04-11,1724299,8586,10252,0,1,0,-1,260,1,Aston Villa,74,76,73,80,77,79
4277,1729,2014/2015,33,2015-04-19,1724310,10261,8586,1,3,3,2,261,0,Newcastle United,76,74,75,80,77,79
4286,1729,2014/2015,34,2015-04-25,1724319,8466,8586,2,2,2,0,262,0,Southampton,75,76,73,80,77,79
4297,1729,2014/2015,35,2015-05-03,1724330,8586,8456,0,1,0,-1,263,1,Manchester City,82,83,81,80,77,79
4308,1729,2014/2015,36,2015-05-09,1724341,10194,8586,3,0,0,-3,264,0,Stoke City,75,76,73,80,77,79
4316,1729,2014/2015,37,2015-05-16,1724349,8586,8667,2,0,2,2,265,1,Hull City,72,70,72,80,77,79
4323,1729,2014/2015,38,2015-05-24,1724356,8668,8586,0,1,1,1,266,0,Everton,78,79,79,80,77,79
4394,1729,2015/2016,1,2015-08-08,1987037,10260,8586,1,0,0,-1,267,0,Manchester United,81,77,79,78,78,78
4506,1729,2015/2016,2,2015-08-15,1987085,8586,10194,2,2,2,0,268,1,Stoke City,76,75,76,78,78,78
4612,1729,2015/2016,3,2015-08-22,1988733,8197,8586,1,1,1,0,269,0,Leicester City,74,74,73,78,78,78
4718,1729,2015/2016,4,2015-08-29,1988749,8586,8668,0,0,0,0,270,1,Everton,78,80,74,78,78,78
4725,1729,2015/2016,5,2015-09-13,1988756,8472,8586,0,1,1,1,271,0,Sunderland,76,78,74,78,78,78
4738,1729,2015/2016,6,2015-09-20,1988769,8586,9826,1,0,1,1,272,1,Crystal Palace,75,71,75,78,78,78
4745,1729,2015/2016,7,2015-09-26,1988776,8586,8456,4,1,4,3,273,1,Manchester City,83,88,81,78,78,78
4758,1729,2015/2016,8,2015-10-04,1988789,10003,8586,2,2,2,0,274,0,Swansea City,77,76,76,78,78,78
4766,1729,2015/2016,9,2015-10-17,1988797,8586,8650,0,0,0,0,275,1,Liverpool,79,82,79,78,78,78
4401,1729,2015/2016,10,2015-10-25,1988802,8678,8586,1,5,5,4,276,0,Bournemouth,73,75,72,78,78,78
4416,1729,2015/2016,11,2015-11-02,1988817,8586,10252,3,1,3,2,277,1,Aston Villa,76,75,76,78,78,78
4419,1729,2015/2016,12,2015-11-08,1988820,9825,8586,1,1,1,0,278,0,Arsenal,81,81,79,78,78,78
4436,1729,2015/2016,13,2015-11-22,1988837,8586,8654,4,1,4,3,279,1,West Ham United,76,76,75,78,78,78
4447,1729,2015/2016,14,2015-11-29,1988848,8586,8455,0,0,0,0,280,1,Chelsea,83,83,81,78,78,78
4458,1729,2015/2016,15,2015-12-05,1988859,8659,8586,1,1,1,0,281,0,West Bromwich Albion,75,77,71,78,78,78
4467,1729,2015/2016,16,2015-12-13,1988868,8586,10261,1,2,1,-1,282,1,Newcastle United,76,77,76,78,78,78
4474,1729,2015/2016,17,2015-12-19,1988875,8466,8586,0,2,2,2,283,0,Southampton,77,77,74,78,78,78
4488,1729,2015/2016,18,2015-12-26,1988889,8586,9850,3,0,3,3,284,1,Norwich City,74,76,71,78,78,78
4496,1729,2015/2016,19,2015-12-28,1988897,9817,8586,1,2,2,1,285,0,Watford,74,74,72,78,78,78
4511,1729,2015/2016,20,2016-01-03,1988902,8668,8586,1,1,1,0,286,0,Everton,78,80,74,78,78,78
4528,1729,2015/2016,21,2016-01-13,1988919,8586,8197,0,1,0,-1,287,1,Leicester City,74,74,73,78,78,78
4538,1729,2015/2016,22,2016-01-16,1988929,8586,8472,4,1,4,3,288,1,Sunderland,76,78,74,78,78,78
4540,1729,2015/2016,23,2016-01-23,1988931,9826,8586,1,3,3,2,289,0,Crystal Palace,75,71,75,78,78,78
4551,1729,2015/2016,24,2016-02-02,1988942,9850,8586,0,3,3,3,290,0,Norwich City,74,76,71,78,78,78
4568,1729,2015/2016,25,2016-02-06,1988959,8586,9817,1,0,1,1,291,1,Watford,74,74,72,78,78,78
4575,1729,2015/2016,26,2016-02-14,1988966,8456,8586,1,2,2,1,292,0,Manchester City,83,88,81,78,78,78
4585,1729,2015/2016,27,2016-02-28,1988976,8586,10003,2,1,2,1,293,1,Swansea City,77,76,76,78,78,78
4595,1729,2015/2016,28,2016-03-02,1988986,8654,8586,1,0,0,-1,294,0,West Ham United,76,76,75,78,78,78
4606,1729,2015/2016,29,2016-03-05,1988997,8586,9825,2,2,2,0,295,1,Arsenal,81,81,79,78,78,78
4620,1729,2015/2016,30,2016-03-13,1989001,10252,8586,0,2,2,2,296,0,Aston Villa,76,75,76,78,78,78
4636,1729,2015/2016,31,2016-03-20,1989017,8586,8678,3,0,3,3,297,1,Bournemouth,73,75,72,78,78,78
4643,1729,2015/2016,32,2016-04-02,1989024,8650,8586,1,1,1,0,298,0,Liverpool,79,82,79,78,78,78
4656,1729,2015/2016,33,2016-04-10,1989037,8586,10260,3,0,3,3,299,1,Manchester United,81,77,79,78,78,78
4667,1729,2015/2016,34,2016-04-18,1989048,10194,8586,0,4,4,4,300,0,Stoke City,76,75,76,78,78,78
4677,1729,2015/2016,35,2016-04-25,1989058,8586,8659,1,1,1,0,301,1,West Bromwich Albion,75,77,71,78,78,78
4680,1729,2015/2016,36,2016-05-02,1989061,8455,8586,2,2,2,0,302,0,Chelsea,83,83,81,78,78,78
4697,1729,2015/2016,37,2016-05-08,1989078,8586,8466,1,2,1,-1,303,1,Southampton,77,77,74,78,78,78
4703,1729,2015/2016,38,2016-05-15,1987601,10261,8586,5,1,1,-4,304,0,Newcastle United,76,77,76,78,78,78